p,d,q,P,D,Q,AIC,BIC,order,seasonal_order
0,2,0,2,2,0,6.0,,"(0, 2, 0)","(2, 2, 0, 12)"
0,1,0,0,2,2,6.0,,"(0, 1, 0)","(0, 2, 2, 12)"
0,0,0,0,2,2,6.0,,"(0, 0, 0)","(0, 2, 2, 12)"
0,2,0,0,2,2,6.0,,"(0, 2, 0)","(0, 2, 2, 12)"
0,1,0,2,2,0,6.0,,"(0, 1, 0)","(2, 2, 0, 12)"
0,0,0,2,2,0,6.0,-inf,"(0, 0, 0)","(2, 2, 0, 12)"
1,1,0,0,2,2,8.0,,"(1, 1, 0)","(0, 2, 2, 12)"
0,0,1,2,2,0,8.0,-inf,"(0, 0, 1)","(2, 2, 0, 12)"
0,0,1,0,2,2,8.0,,"(0, 0, 1)","(0, 2, 2, 12)"
0,2,1,2,2,0,8.0,,"(0, 2, 1)","(2, 2, 0, 12)"
0,2,1,0,2,2,8.0,,"(0, 2, 1)","(0, 2, 2, 12)"
0,1,0,2,2,1,8.0,,"(0, 1, 0)","(2, 2, 1, 12)"
0,2,0,1,2,2,8.0,,"(0, 2, 0)","(1, 2, 2, 12)"
0,0,0,2,2,1,8.0,-inf,"(0, 0, 0)","(2, 2, 1, 12)"
0,0,0,1,2,2,8.0,,"(0, 0, 0)","(1, 2, 2, 12)"
0,1,1,2,2,0,8.0,,"(0, 1, 1)","(2, 2, 0, 12)"
0,1,1,0,2,2,8.0,,"(0, 1, 1)","(0, 2, 2, 12)"
1,2,0,0,2,2,8.0,,"(1, 2, 0)","(0, 2, 2, 12)"
0,1,0,1,2,2,8.0,,"(0, 1, 0)","(1, 2, 2, 12)"
1,0,0,0,2,2,8.0,,"(1, 0, 0)","(0, 2, 2, 12)"
1,2,0,2,2,0,8.0,,"(1, 2, 0)","(2, 2, 0, 12)"
1,0,0,2,2,0,8.0,,"(1, 0, 0)","(2, 2, 0, 12)"
0,2,0,2,2,1,8.0,,"(0, 2, 0)","(2, 2, 1, 12)"
1,1,0,2,2,0,8.0,,"(1, 1, 0)","(2, 2, 0, 12)"
0,2,2,0,2,2,10.0,,"(0, 2, 2)","(0, 2, 2, 12)"
1,1,0,1,2,2,10.0,,"(1, 1, 0)","(1, 2, 2, 12)"
2,0,0,2,2,0,10.0,,"(2, 0, 0)","(2, 2, 0, 12)"
0,2,2,2,2,0,10.0,,"(0, 2, 2)","(2, 2, 0, 12)"
0,0,1,2,2,1,10.0,-inf,"(0, 0, 1)","(2, 2, 1, 12)"
0,0,2,2,2,0,10.0,-inf,"(0, 0, 2)","(2, 2, 0, 12)"
1,0,0,2,2,1,10.0,,"(1, 0, 0)","(2, 2, 1, 12)"
0,0,1,1,2,2,10.0,,"(0, 0, 1)","(1, 2, 2, 12)"
0,1,0,2,2,2,10.0,,"(0, 1, 0)","(2, 2, 2, 12)"
2,1,0,0,2,2,10.0,,"(2, 1, 0)","(0, 2, 2, 12)"
1,0,0,1,2,2,10.0,,"(1, 0, 0)","(1, 2, 2, 12)"
2,2,0,2,2,0,10.0,,"(2, 2, 0)","(2, 2, 0, 12)"
0,1,1,1,2,2,10.0,,"(0, 1, 1)","(1, 2, 2, 12)"
0,2,1,2,2,1,10.0,,"(0, 2, 1)","(2, 2, 1, 12)"
1,0,1,2,2,0,10.0,,"(1, 0, 1)","(2, 2, 0, 12)"
2,2,0,0,2,2,10.0,,"(2, 2, 0)","(0, 2, 2, 12)"
1,0,1,0,2,2,10.0,,"(1, 0, 1)","(0, 2, 2, 12)"
0,0,2,0,2,2,10.0,,"(0, 0, 2)","(0, 2, 2, 12)"
2,1,0,2,2,0,10.0,,"(2, 1, 0)","(2, 2, 0, 12)"
0,1,1,2,2,1,10.0,,"(0, 1, 1)","(2, 2, 1, 12)"
0,0,0,2,2,2,10.0,,"(0, 0, 0)","(2, 2, 2, 12)"
1,1,1,2,2,0,10.0,,"(1, 1, 1)","(2, 2, 0, 12)"
0,1,2,0,2,2,10.0,,"(0, 1, 2)","(0, 2, 2, 12)"
1,2,1,2,2,0,10.0,,"(1, 2, 1)","(2, 2, 0, 12)"
1,1,0,2,2,1,10.0,,"(1, 1, 0)","(2, 2, 1, 12)"
1,2,0,1,2,2,10.0,,"(1, 2, 0)","(1, 2, 2, 12)"
1,1,1,0,2,2,10.0,,"(1, 1, 1)","(0, 2, 2, 12)"
1,2,0,2,2,1,10.0,,"(1, 2, 0)","(2, 2, 1, 12)"
0,2,0,2,2,2,10.0,,"(0, 2, 0)","(2, 2, 2, 12)"
0,2,1,1,2,2,10.0,,"(0, 2, 1)","(1, 2, 2, 12)"
2,0,0,0,2,2,10.0,,"(2, 0, 0)","(0, 2, 2, 12)"
1,2,1,0,2,2,10.0,,"(1, 2, 1)","(0, 2, 2, 12)"
0,1,2,2,2,0,10.0,,"(0, 1, 2)","(2, 2, 0, 12)"
1,2,1,1,2,2,12.0,,"(1, 2, 1)","(1, 2, 2, 12)"
0,2,2,2,2,1,12.0,,"(0, 2, 2)","(2, 2, 1, 12)"
1,2,1,2,0,1,12.0,18.26713462634054,"(1, 2, 1)","(2, 0, 1, 12)"
2,1,0,2,2,1,12.0,,"(2, 1, 0)","(2, 2, 1, 12)"
1,2,1,2,2,1,12.0,,"(1, 2, 1)","(2, 2, 1, 12)"
1,2,0,2,2,2,12.0,,"(1, 2, 0)","(2, 2, 2, 12)"
1,2,2,0,2,2,12.0,,"(1, 2, 2)","(0, 2, 2, 12)"
2,2,0,2,2,1,12.0,,"(2, 2, 0)","(2, 2, 1, 12)"
0,0,2,2,2,1,12.0,-inf,"(0, 0, 2)","(2, 2, 1, 12)"
1,1,2,2,2,0,12.0,,"(1, 1, 2)","(2, 2, 0, 12)"
1,0,0,2,2,2,12.0,,"(1, 0, 0)","(2, 2, 2, 12)"
1,1,2,0,2,2,12.0,,"(1, 1, 2)","(0, 2, 2, 12)"
2,2,0,1,2,2,12.0,,"(2, 2, 0)","(1, 2, 2, 12)"
2,1,0,1,2,2,12.0,,"(2, 1, 0)","(1, 2, 2, 12)"
1,1,0,2,2,2,12.0,,"(1, 1, 0)","(2, 2, 2, 12)"
1,0,1,1,2,2,12.0,,"(1, 0, 1)","(1, 2, 2, 12)"
1,0,2,2,2,0,12.0,,"(1, 0, 2)","(2, 2, 0, 12)"
2,0,0,1,2,2,12.0,,"(2, 0, 0)","(1, 2, 2, 12)"
2,2,1,2,2,0,12.0,,"(2, 2, 1)","(2, 2, 0, 12)"
0,2,2,1,2,2,12.0,,"(0, 2, 2)","(1, 2, 2, 12)"
2,0,0,2,2,1,12.0,,"(2, 0, 0)","(2, 2, 1, 12)"
2,1,1,0,2,2,12.0,,"(2, 1, 1)","(0, 2, 2, 12)"
0,1,2,1,2,2,12.0,,"(0, 1, 2)","(1, 2, 2, 12)"
0,0,1,2,2,2,12.0,,"(0, 0, 1)","(2, 2, 2, 12)"
2,0,1,0,2,2,12.0,,"(2, 0, 1)","(0, 2, 2, 12)"
0,1,2,2,2,1,12.0,,"(0, 1, 2)","(2, 2, 1, 12)"
1,2,2,2,2,0,12.0,,"(1, 2, 2)","(2, 2, 0, 12)"
0,2,1,2,2,2,12.0,,"(0, 2, 1)","(2, 2, 2, 12)"
2,1,1,2,2,0,12.0,,"(2, 1, 1)","(2, 2, 0, 12)"
1,0,2,0,2,2,12.0,,"(1, 0, 2)","(0, 2, 2, 12)"
2,0,1,2,2,0,12.0,,"(2, 0, 1)","(2, 2, 0, 12)"
2,2,1,0,2,2,12.0,,"(2, 2, 1)","(0, 2, 2, 12)"
1,1,1,2,2,1,12.0,,"(1, 1, 1)","(2, 2, 1, 12)"
0,1,1,2,2,2,12.0,,"(0, 1, 1)","(2, 2, 2, 12)"
1,0,1,2,2,1,12.0,,"(1, 0, 1)","(2, 2, 1, 12)"
0,0,2,1,2,2,12.0,,"(0, 0, 2)","(1, 2, 2, 12)"
1,1,1,1,2,2,12.0,,"(1, 1, 1)","(1, 2, 2, 12)"
2,1,0,2,2,2,14.0,,"(2, 1, 0)","(2, 2, 2, 12)"
2,1,2,2,2,0,14.0,,"(2, 1, 2)","(2, 2, 0, 12)"
2,1,1,1,2,2,14.0,,"(2, 1, 1)","(1, 2, 2, 12)"
2,1,1,2,2,1,14.0,,"(2, 1, 1)","(2, 2, 1, 12)"
1,0,1,2,2,2,14.0,,"(1, 0, 1)","(2, 2, 2, 12)"
2,0,2,2,2,0,14.0,,"(2, 0, 2)","(2, 2, 0, 12)"
2,2,2,2,2,0,14.0,,"(2, 2, 2)","(2, 2, 0, 12)"
1,2,1,2,2,2,14.0,,"(1, 2, 1)","(2, 2, 2, 12)"
1,1,2,2,2,1,14.0,,"(1, 1, 2)","(2, 2, 1, 12)"
1,1,2,1,2,2,14.0,,"(1, 1, 2)","(1, 2, 2, 12)"
1,2,2,1,2,2,14.0,,"(1, 2, 2)","(1, 2, 2, 12)"
1,1,1,2,2,2,14.0,,"(1, 1, 1)","(2, 2, 2, 12)"
2,2,2,0,2,2,14.0,,"(2, 2, 2)","(0, 2, 2, 12)"
1,2,2,2,2,1,14.0,,"(1, 2, 2)","(2, 2, 1, 12)"
0,2,2,2,2,2,14.0,,"(0, 2, 2)","(2, 2, 2, 12)"
2,2,1,2,2,1,14.0,,"(2, 2, 1)","(2, 2, 1, 12)"
2,2,1,1,2,2,14.0,,"(2, 2, 1)","(1, 2, 2, 12)"
1,0,2,2,2,1,14.0,,"(1, 0, 2)","(2, 2, 1, 12)"
1,0,2,1,2,2,14.0,,"(1, 0, 2)","(1, 2, 2, 12)"
2,0,1,2,2,1,14.0,,"(2, 0, 1)","(2, 2, 1, 12)"
0,1,2,2,2,2,14.0,,"(0, 1, 2)","(2, 2, 2, 12)"
2,0,2,0,2,2,14.0,,"(2, 0, 2)","(0, 2, 2, 12)"
2,2,0,2,2,2,14.0,,"(2, 2, 0)","(2, 2, 2, 12)"
2,1,2,0,2,2,14.0,,"(2, 1, 2)","(0, 2, 2, 12)"
0,0,2,2,2,2,14.0,,"(0, 0, 2)","(2, 2, 2, 12)"
2,0,0,2,2,2,14.0,,"(2, 0, 0)","(2, 2, 2, 12)"
2,0,1,1,2,2,14.0,,"(2, 0, 1)","(1, 2, 2, 12)"
2,1,1,2,2,2,16.0,,"(2, 1, 1)","(2, 2, 2, 12)"
2,1,2,1,2,2,16.0,,"(2, 1, 2)","(1, 2, 2, 12)"
2,0,2,2,2,1,16.0,,"(2, 0, 2)","(2, 2, 1, 12)"
2,0,2,1,2,2,16.0,,"(2, 0, 2)","(1, 2, 2, 12)"
2,0,1,2,2,2,16.0,,"(2, 0, 1)","(2, 2, 2, 12)"
1,0,2,2,2,2,16.0,,"(1, 0, 2)","(2, 2, 2, 12)"
1,2,2,2,2,2,16.0,,"(1, 2, 2)","(2, 2, 2, 12)"
2,2,1,2,2,2,16.0,,"(2, 2, 1)","(2, 2, 2, 12)"
2,2,2,2,2,1,16.0,,"(2, 2, 2)","(2, 2, 1, 12)"
1,1,2,2,2,2,16.0,,"(1, 1, 2)","(2, 2, 2, 12)"
2,2,2,1,2,2,16.0,,"(2, 2, 2)","(1, 2, 2, 12)"
2,1,2,2,2,1,16.0,,"(2, 1, 2)","(2, 2, 1, 12)"
2,1,2,2,2,2,18.0,,"(2, 1, 2)","(2, 2, 2, 12)"
2,0,2,2,2,2,18.0,,"(2, 0, 2)","(2, 2, 2, 12)"
2,2,2,2,2,2,18.0,,"(2, 2, 2)","(2, 2, 2, 12)"
0,2,2,0,1,2,164.4524048211409,164.18195556641746,"(0, 2, 2)","(0, 1, 2, 12)"
1,2,2,0,1,2,165.10489870128953,164.7803595956214,"(1, 2, 2)","(0, 1, 2, 12)"
0,2,2,1,1,2,166.37132123165685,166.04678212598873,"(0, 2, 2)","(1, 1, 2, 12)"
2,2,2,0,1,2,166.80190997296904,166.42328101635624,"(2, 2, 2)","(0, 1, 2, 12)"
1,2,2,1,1,2,167.54970574670966,167.17107679009686,"(1, 2, 2)","(1, 1, 2, 12)"
0,2,2,2,1,2,168.02155829598294,167.64292933937014,"(0, 2, 2)","(2, 1, 2, 12)"
2,2,2,1,1,2,168.17994322153163,167.74722441397412,"(2, 2, 2)","(1, 1, 2, 12)"
1,2,2,2,1,2,168.98455984805625,168.55184104049874,"(1, 2, 2)","(2, 1, 2, 12)"
2,2,2,2,1,2,170.155467948692,169.66865929018982,"(2, 2, 2)","(2, 1, 2, 12)"
2,2,2,0,2,1,171.68056428103935,171.35602517537123,"(2, 2, 2)","(0, 2, 1, 12)"
0,2,2,0,2,1,171.97992510740823,171.7635657036295,"(0, 2, 2)","(0, 2, 1, 12)"
2,2,2,1,2,1,172.8182899915277,172.4396610349149,"(2, 2, 2)","(1, 2, 1, 12)"
1,2,2,0,2,1,173.3532363641821,173.08278710945865,"(1, 2, 2)","(0, 2, 1, 12)"
0,2,2,1,2,1,173.8743688466778,173.60391959195437,"(0, 2, 2)","(1, 2, 1, 12)"
1,2,2,1,2,1,175.26755464036845,174.94301553470032,"(1, 2, 2)","(1, 2, 1, 12)"
0,1,2,0,1,2,181.18328362701487,181.58049133541405,"(0, 1, 2)","(0, 1, 2, 12)"
0,1,2,1,1,2,182.84657075455704,183.32322000463606,"(0, 1, 2)","(1, 1, 2, 12)"
2,1,2,0,1,2,184.35366515050822,184.90975594226708,"(2, 1, 2)","(0, 1, 2, 12)"
0,1,2,2,1,2,184.82752968891916,185.38362048067802,"(0, 1, 2)","(2, 1, 2, 12)"
1,1,2,1,1,2,185.33839906962993,185.8944898613888,"(1, 1, 2)","(1, 1, 2, 12)"
1,1,2,0,1,2,186.34203435069523,186.81868360077425,"(1, 1, 2)","(0, 1, 2, 12)"
1,1,2,2,1,2,186.6281750296855,187.26370736312418,"(1, 1, 2)","(2, 1, 2, 12)"
2,1,2,1,1,2,187.0137289079507,187.64926124138938,"(2, 1, 2)","(1, 1, 2, 12)"
0,2,1,0,1,2,187.60466439763795,187.92243056435728,"(0, 2, 1)","(0, 1, 2, 12)"
2,1,2,2,1,2,188.22194614136617,188.9369200164847,"(2, 1, 2)","(2, 1, 2, 12)"
2,2,1,2,1,0,188.51392199935884,188.99057124943786,"(2, 2, 1)","(2, 1, 0, 12)"
2,2,1,0,1,2,188.56663853911587,189.0432877891949,"(2, 2, 1)","(0, 1, 2, 12)"
0,2,1,1,1,2,188.9350516337272,189.33225934212638,"(0, 2, 1)","(1, 1, 2, 12)"
1,2,1,0,1,2,189.37370090230968,189.77090861070886,"(1, 2, 1)","(0, 1, 2, 12)"
2,2,2,2,1,0,190.23184786909343,190.7879386608523,"(2, 2, 2)","(2, 1, 0, 12)"
2,2,0,2,1,0,190.26428656846073,190.6614942768599,"(2, 2, 0)","(2, 1, 0, 12)"
2,2,1,2,1,1,190.4823143708996,191.03840516265845,"(2, 2, 1)","(2, 1, 1, 12)"
2,2,1,1,1,2,190.5026448409481,191.05873563270697,"(2, 2, 1)","(1, 1, 2, 12)"
1,2,1,1,1,2,190.67914906136346,191.15579831144248,"(1, 2, 1)","(1, 1, 2, 12)"
0,2,1,2,1,2,190.79879427195397,191.275443522033,"(0, 2, 1)","(2, 1, 2, 12)"
2,1,2,0,2,1,191.52999030035903,192.00663955043805,"(2, 1, 2)","(0, 2, 1, 12)"
1,1,2,0,2,1,191.59646085316956,191.99366856156874,"(1, 1, 2)","(0, 2, 1, 12)"
0,1,2,0,2,1,191.80774837735257,192.1255145440719,"(0, 1, 2)","(0, 2, 1, 12)"
2,2,2,2,1,1,191.8321757769906,192.46770811042927,"(2, 2, 2)","(2, 1, 1, 12)"
1,2,1,2,1,2,192.19772333719092,192.75381412894978,"(1, 2, 1)","(2, 1, 2, 12)"
2,2,0,2,1,1,192.2639780961536,192.74062734623263,"(2, 2, 0)","(2, 1, 1, 12)"
0,1,2,1,2,1,192.34111461948396,192.73832232788314,"(0, 1, 2)","(1, 2, 1, 12)"
2,2,1,2,1,2,192.48105396539748,193.11658629883615,"(2, 2, 1)","(2, 1, 2, 12)"
2,1,2,1,2,1,192.6122887484136,193.16837954017245,"(2, 1, 2)","(1, 2, 1, 12)"
0,2,1,0,2,1,193.18975687376735,193.42808149880685,"(0, 2, 1)","(0, 2, 1, 12)"
1,1,2,1,2,1,193.4071729276271,193.88382217770612,"(1, 1, 2)","(1, 2, 1, 12)"
2,2,0,2,1,2,194.2639627171773,194.82005350893616,"(2, 2, 0)","(2, 1, 2, 12)"
2,2,1,0,2,1,195.0256054950067,195.42281320340587,"(2, 2, 1)","(0, 2, 1, 12)"
1,2,1,0,2,1,195.12188260601448,195.43964877273382,"(1, 2, 1)","(0, 2, 1, 12)"
0,2,1,1,2,1,195.1587064177457,195.47647258446503,"(0, 2, 1)","(1, 2, 1, 12)"
2,2,0,1,2,1,196.0355029694618,196.43271067786097,"(2, 2, 0)","(1, 2, 1, 12)"
2,2,1,1,2,1,196.9710540179849,197.44770326806392,"(2, 2, 1)","(1, 2, 1, 12)"
1,2,1,1,2,1,197.09253975672215,197.48974746512133,"(1, 2, 1)","(1, 2, 1, 12)"
2,2,1,1,2,0,198.0338897406002,198.43109744899937,"(2, 2, 1)","(1, 2, 0, 12)"
2,2,0,1,2,0,198.94611791356868,199.26388408028802,"(2, 2, 0)","(1, 2, 0, 12)"
2,2,2,1,2,0,199.02667249177486,199.50332174185388,"(2, 2, 2)","(1, 2, 0, 12)"
2,1,2,2,1,0,200.2871890656531,201.66776110700664,"(2, 1, 2)","(2, 1, 0, 12)"
2,1,0,2,1,0,206.08123902411396,207.06736191079506,"(2, 1, 0)","(2, 1, 0, 12)"
0,1,1,0,1,2,206.23263133794825,207.02152964729314,"(0, 1, 1)","(0, 1, 2, 12)"
2,1,1,2,1,0,206.70425397293135,207.88760143694867,"(2, 1, 1)","(2, 1, 0, 12)"
0,1,1,1,1,2,206.74630059401227,207.73242348069337,"(0, 1, 1)","(1, 1, 2, 12)"
2,1,1,0,1,2,206.76573518764914,207.94908265166646,"(2, 1, 1)","(0, 1, 2, 12)"
1,0,2,0,1,2,206.7708460016145,207.95419346563182,"(1, 0, 2)","(0, 1, 2, 12)"
2,1,2,2,1,1,207.5822556642624,209.16005228295214,"(2, 1, 2)","(2, 1, 1, 12)"
1,1,1,0,1,2,207.90989026670377,208.89601315338487,"(1, 1, 1)","(0, 1, 2, 12)"
1,0,2,1,1,2,207.9579404988213,209.33851254017483,"(1, 0, 2)","(1, 1, 2, 12)"
2,1,0,2,1,1,208.074648416044,209.25799588006132,"(2, 1, 0)","(2, 1, 1, 12)"
1,1,1,1,1,2,208.42940029613158,209.6127477601489,"(1, 1, 1)","(1, 1, 2, 12)"
2,0,2,0,1,2,208.64281064735468,210.0233826887082,"(2, 0, 2)","(0, 1, 2, 12)"
0,1,1,2,1,2,208.67550894202492,209.85885640604224,"(0, 1, 1)","(2, 1, 2, 12)"
2,1,1,2,1,1,208.69589486596746,210.076466907321,"(2, 1, 1)","(2, 1, 1, 12)"
2,1,1,1,1,2,208.71543180307575,210.09600384442928,"(2, 1, 1)","(1, 1, 2, 12)"
0,0,2,0,2,1,208.77002442194484,209.55892273128973,"(0, 0, 2)","(0, 2, 1, 12)"
2,0,2,1,1,2,209.7496272378445,211.32742385653424,"(2, 0, 2)","(1, 1, 2, 12)"
0,0,2,1,2,1,209.81466133774347,210.80078422442458,"(0, 0, 2)","(1, 2, 1, 12)"
2,1,0,2,1,2,210.0746117005132,211.45518374186673,"(2, 1, 0)","(2, 1, 2, 12)"
1,0,2,0,2,1,210.23924912026146,211.22537200694256,"(1, 0, 2)","(0, 2, 1, 12)"
1,1,1,2,1,2,210.3560126974672,211.73658473882074,"(1, 1, 1)","(2, 1, 2, 12)"
1,2,2,2,1,0,210.57368205616507,211.75702952018239,"(1, 2, 2)","(2, 1, 0, 12)"
2,1,1,2,1,2,210.69581197444566,212.2736085931354,"(2, 1, 1)","(2, 1, 2, 12)"
1,2,1,2,1,0,210.75484888854947,211.74097177523058,"(1, 2, 1)","(2, 1, 0, 12)"
0,0,2,0,1,2,211.01868783895395,212.00481072563505,"(0, 0, 2)","(0, 1, 2, 12)"
1,0,2,1,2,1,211.27952696129637,212.4628744253137,"(1, 0, 2)","(1, 2, 1, 12)"
1,0,2,2,1,2,211.48362051681443,213.06141713550417,"(1, 0, 2)","(2, 1, 2, 12)"
2,0,2,0,2,1,211.63978114257304,212.82312860659036,"(2, 0, 2)","(0, 2, 1, 12)"
2,0,2,2,1,2,211.65929572491112,213.43431692093708,"(2, 0, 2)","(2, 1, 2, 12)"
0,2,0,0,1,2,212.01314665549734,212.60482038750598,"(0, 2, 0)","(0, 1, 2, 12)"
0,1,1,0,2,1,212.28480363702576,212.87647736903443,"(0, 1, 1)","(0, 2, 1, 12)"
0,0,2,1,1,2,212.35262258394104,213.53597004795836,"(0, 0, 2)","(1, 1, 2, 12)"
1,2,2,2,1,1,212.4708777447781,213.85144978613164,"(1, 2, 2)","(2, 1, 1, 12)"
2,0,2,1,2,1,212.6587377039113,214.03930974526483,"(2, 0, 2)","(1, 2, 1, 12)"
1,2,0,2,1,0,212.66225089572592,213.4511492050708,"(1, 2, 0)","(2, 1, 0, 12)"
1,2,1,2,1,1,212.7178756735633,213.90122313758062,"(1, 2, 1)","(2, 1, 1, 12)"
2,2,0,0,1,2,212.75154581976412,213.73766870644522,"(2, 2, 0)","(0, 1, 2, 12)"
1,2,0,0,1,2,213.34657133787826,214.13546964722315,"(1, 2, 0)","(0, 1, 2, 12)"
0,2,0,1,1,2,213.43383614975605,214.22273445910093,"(0, 2, 0)","(1, 1, 2, 12)"
2,1,0,1,2,1,213.5109092484327,214.4970321351138,"(2, 1, 0)","(1, 2, 1, 12)"
2,1,1,0,2,1,213.77452818876657,214.76065107544767,"(2, 1, 1)","(0, 2, 1, 12)"
0,0,2,2,1,2,213.95188912158088,215.3324611629344,"(0, 0, 2)","(2, 1, 2, 12)"
0,1,1,1,2,1,214.04776612978037,214.83666443912526,"(0, 1, 1)","(1, 2, 1, 12)"
1,1,1,0,2,1,214.2559911610791,215.04488947042398,"(1, 1, 1)","(0, 2, 1, 12)"
2,2,0,1,1,2,214.38292879605112,215.56627626006843,"(2, 2, 0)","(1, 1, 2, 12)"
1,2,0,2,1,1,214.65047396946883,215.63659685614994,"(1, 2, 0)","(2, 1, 1, 12)"
1,2,0,1,1,2,214.66463687245673,215.65075975913783,"(1, 2, 0)","(1, 1, 2, 12)"
0,2,0,2,1,2,215.4279709291154,216.4140938157965,"(0, 2, 0)","(2, 1, 2, 12)"
2,1,1,1,2,1,215.5503319180954,216.7336793821127,"(2, 1, 1)","(1, 2, 1, 12)"
1,1,1,1,2,1,216.0346115073402,217.0207343940213,"(1, 1, 1)","(1, 2, 1, 12)"
2,1,1,1,2,0,216.22412503798034,217.21024792466145,"(2, 1, 1)","(1, 2, 0, 12)"
1,2,0,2,1,2,216.6504304473572,217.8337779113745,"(1, 2, 0)","(2, 1, 2, 12)"
2,2,0,0,2,1,217.03784366607462,217.8267419754195,"(2, 2, 0)","(0, 2, 1, 12)"
2,1,0,1,2,0,217.6698298724585,218.4587281818034,"(2, 1, 0)","(1, 2, 0, 12)"
0,2,0,0,2,1,218.47621992112755,218.87066907579998,"(0, 2, 0)","(0, 2, 1, 12)"
1,2,0,0,2,1,219.01222661952482,219.60390035153347,"(1, 2, 0)","(0, 2, 1, 12)"
2,1,2,1,2,0,219.5396012844,220.7229487484173,"(2, 1, 2)","(1, 2, 0, 12)"
0,2,0,1,2,1,220.4536970055209,221.04537073752954,"(0, 2, 0)","(1, 2, 1, 12)"
1,2,1,1,2,0,220.85769445706282,221.6465927664077,"(1, 2, 1)","(1, 2, 0, 12)"
1,2,0,1,2,1,220.97168546898448,221.76058377832936,"(1, 2, 0)","(1, 2, 1, 12)"
1,2,0,1,2,0,222.01483372756763,222.60650745957628,"(1, 2, 0)","(1, 2, 0, 12)"
1,2,2,1,2,0,222.73016931511808,223.71629220179918,"(1, 2, 2)","(1, 2, 0, 12)"
0,1,0,0,1,2,226.41484703616953,227.32260231515167,"(0, 1, 0)","(0, 1, 2, 12)"
0,1,0,1,1,2,227.60238206496592,228.8127224369421,"(0, 1, 0)","(1, 1, 2, 12)"
1,1,2,2,1,0,227.6694754516712,229.48498600963546,"(1, 1, 2)","(2, 1, 0, 12)"
2,0,1,0,1,2,227.71846386490506,229.53397442286933,"(2, 0, 1)","(0, 1, 2, 12)"
1,1,0,2,1,0,227.80804018372496,229.01838055570113,"(1, 1, 0)","(2, 1, 0, 12)"
2,1,0,0,1,2,228.02570557558195,229.5386310405522,"(2, 1, 0)","(0, 1, 2, 12)"
1,1,0,0,1,2,228.57613114274784,229.786471514724,"(1, 1, 0)","(0, 1, 2, 12)"
1,1,1,2,1,0,228.63368629611446,230.1466117610847,"(1, 1, 1)","(2, 1, 0, 12)"
2,0,0,2,1,0,228.66094899793887,230.1738744629091,"(2, 0, 0)","(2, 1, 0, 12)"
2,0,0,2,1,1,228.6754222450479,230.49093280301219,"(2, 0, 0)","(2, 1, 1, 12)"
1,1,2,2,1,1,228.71527734723244,230.83337299819075,"(1, 1, 2)","(2, 1, 1, 12)"
2,0,2,2,1,0,229.17834635902528,231.2964420099836,"(2, 0, 2)","(2, 1, 0, 12)"
0,1,0,2,1,2,229.55446740956796,231.0673928745382,"(0, 1, 0)","(2, 1, 2, 12)"
2,1,0,1,1,2,229.62083147290537,231.43634203086964,"(2, 1, 0)","(1, 1, 2, 12)"
1,0,1,0,1,2,229.70852490270656,231.2214503676768,"(1, 0, 1)","(0, 1, 2, 12)"
1,1,0,2,1,1,229.7496219380579,231.26254740302815,"(1, 1, 0)","(2, 1, 1, 12)"
1,1,0,1,1,2,229.79439979272288,231.30732525769312,"(1, 1, 0)","(1, 1, 2, 12)"
2,0,1,2,1,0,229.8303838991856,231.64589445714986,"(2, 0, 1)","(2, 1, 0, 12)"
1,0,1,1,1,2,230.08667939929643,231.9021899572607,"(1, 0, 1)","(1, 1, 2, 12)"
1,1,1,2,1,1,230.2241051476644,232.03961570562868,"(1, 1, 1)","(2, 1, 1, 12)"
2,0,0,2,1,2,230.66907573975732,232.78717139071563,"(2, 0, 0)","(2, 1, 2, 12)"
0,0,1,0,1,2,230.7119624012854,231.92230277326158,"(0, 0, 1)","(0, 1, 2, 12)"
0,2,0,2,1,0,230.8946564098657,231.80241168884783,"(0, 2, 0)","(2, 1, 0, 12)"
2,0,1,2,1,1,231.0705817385785,233.18867738953682,"(2, 0, 1)","(2, 1, 1, 12)"
2,0,2,2,1,1,231.19505294867204,233.61573369262442,"(2, 0, 2)","(2, 1, 1, 12)"
0,2,1,2,1,0,231.3435581246359,232.55389849661208,"(0, 2, 1)","(2, 1, 0, 12)"
1,0,1,2,1,2,231.42036411381883,233.53845976477714,"(1, 0, 1)","(2, 1, 2, 12)"
0,0,1,0,2,1,231.65554398409586,232.563299263078,"(0, 0, 1)","(0, 2, 1, 12)"
0,2,2,2,1,0,231.67271080917754,233.18563627414778,"(0, 2, 2)","(2, 1, 0, 12)"
1,1,0,2,1,2,231.7482542307115,233.56376478867577,"(1, 1, 0)","(2, 1, 2, 12)"
0,0,1,1,1,2,231.74887660191797,233.2618020668882,"(0, 0, 1)","(1, 1, 2, 12)"
1,0,1,0,2,1,232.8291321779742,234.03947254995037,"(1, 0, 1)","(0, 2, 1, 12)"
0,1,0,0,2,1,233.0224634698971,233.6276336558852,"(0, 1, 0)","(0, 2, 1, 12)"
0,0,1,1,2,1,233.28486865626,234.49520902823616,"(0, 0, 1)","(1, 2, 1, 12)"
0,2,1,2,1,1,233.3179899404992,234.83091540546943,"(0, 2, 1)","(2, 1, 1, 12)"
0,2,2,2,1,1,233.64703194418433,235.4625425021486,"(0, 2, 2)","(2, 1, 1, 12)"
0,0,1,2,1,2,233.69866321895876,235.51417377692303,"(0, 0, 1)","(2, 1, 2, 12)"
2,1,0,0,2,1,234.02698826141642,235.2373286333926,"(2, 1, 0)","(0, 2, 1, 12)"
1,0,1,1,2,1,234.58375643041234,236.09668189538257,"(1, 0, 1)","(1, 2, 1, 12)"
1,1,0,0,2,1,234.91728590879524,235.82504118777737,"(1, 1, 0)","(0, 2, 1, 12)"
2,0,0,1,2,1,234.93533997263188,236.44826543760212,"(2, 0, 0)","(1, 2, 1, 12)"
0,1,0,1,2,1,234.95062405392477,235.8583793329069,"(0, 1, 0)","(1, 2, 1, 12)"
2,0,1,0,2,1,235.3353792373188,236.84830470228903,"(2, 0, 1)","(0, 2, 1, 12)"
2,0,1,1,2,0,236.00901470212074,237.52194016709097,"(2, 0, 1)","(1, 2, 0, 12)"
2,0,2,1,2,0,236.10441589466743,237.9199264526317,"(2, 0, 2)","(1, 2, 0, 12)"
2,0,0,1,2,0,236.16077737552808,237.37111774750426,"(2, 0, 0)","(1, 2, 0, 12)"
1,1,0,1,2,1,236.84967118691605,238.06001155889223,"(1, 1, 0)","(1, 2, 1, 12)"
0,2,0,2,1,1,237.10527689514845,238.31561726712462,"(0, 2, 0)","(2, 1, 1, 12)"
2,0,1,1,2,1,237.33346199080603,239.1489725487703,"(2, 0, 1)","(1, 2, 1, 12)"
1,1,0,1,2,0,239.24505579640663,240.15281107538877,"(1, 1, 0)","(1, 2, 0, 12)"
1,1,1,1,2,0,239.82022176904186,241.03056214101804,"(1, 1, 1)","(1, 2, 0, 12)"
1,1,2,1,2,0,240.68792053269772,242.20084599766795,"(1, 1, 2)","(1, 2, 0, 12)"
0,2,1,1,2,0,242.0962444463438,243.00399972532594,"(0, 2, 1)","(1, 2, 0, 12)"
0,2,0,1,2,0,242.9968223769088,243.6019925628969,"(0, 2, 0)","(1, 2, 0, 12)"
0,0,0,1,1,2,245.16001292653647,246.75159401772996,"(0, 0, 0)","(1, 1, 2, 12)"
0,2,2,1,2,0,245.18172600327995,246.39206637525612,"(0, 2, 2)","(1, 2, 0, 12)"
0,0,0,0,1,2,246.00649901723378,247.2001848356289,"(0, 0, 0)","(0, 1, 2, 12)"
0,0,0,2,1,2,246.67521662610474,248.6646929900966,"(0, 0, 0)","(2, 1, 2, 12)"
0,1,2,2,1,0,247.0759869847664,249.06546334875824,"(0, 1, 2)","(2, 1, 0, 12)"
2,0,1,1,1,2,247.10136283590302,249.21945848686133,"(2, 0, 1)","(1, 1, 2, 12)"
0,1,2,2,1,1,248.50731245684375,250.89468409363397,"(0, 1, 2)","(2, 1, 1, 12)"
0,1,1,2,1,0,248.69470932138293,250.28629041257642,"(0, 1, 1)","(2, 1, 0, 12)"
1,0,2,2,1,0,248.73167033087364,251.11904196766386,"(1, 0, 2)","(2, 1, 0, 12)"
1,0,0,2,1,1,249.01490577751292,251.00438214150478,"(1, 0, 0)","(2, 1, 1, 12)"
0,1,0,2,1,0,249.07278638917904,250.26647220757417,"(0, 1, 0)","(2, 1, 0, 12)"
1,0,0,1,1,2,249.24771876140437,251.23719512539623,"(1, 0, 0)","(1, 1, 2, 12)"
1,0,0,0,1,2,249.33019912801424,250.92178021920773,"(1, 0, 0)","(0, 1, 2, 12)"
1,0,1,2,1,0,249.54125810272745,251.5307344667193,"(1, 0, 1)","(2, 1, 0, 12)"
0,1,1,2,1,1,250.28198995479866,252.27146631879052,"(0, 1, 1)","(2, 1, 1, 12)"
1,0,2,2,1,1,250.61036249450098,253.39562940408956,"(1, 0, 2)","(2, 1, 1, 12)"
1,0,0,2,1,2,250.87318822395537,253.2605598607456,"(1, 0, 0)","(2, 1, 2, 12)"
2,0,0,1,1,2,251.17468753210665,253.56205916889687,"(2, 0, 0)","(1, 1, 2, 12)"
2,0,0,0,1,2,251.2466665833296,253.23614294732147,"(2, 0, 0)","(0, 1, 2, 12)"
1,0,1,2,1,1,251.40153004785907,253.7889016846493,"(1, 0, 1)","(2, 1, 1, 12)"
1,0,0,2,1,0,251.9994474613807,253.5910285525742,"(1, 0, 0)","(2, 1, 0, 12)"
0,1,0,2,1,1,252.37292578673765,253.96450687793114,"(0, 1, 0)","(2, 1, 1, 12)"
0,0,0,0,2,1,253.2038817646931,253.99967231028984,"(0, 0, 0)","(0, 2, 1, 12)"
0,0,0,1,2,1,254.19188656996897,255.3855723883641,"(0, 0, 0)","(1, 2, 1, 12)"
1,0,0,0,2,1,255.0460973713586,256.2397831897537,"(1, 0, 0)","(0, 2, 1, 12)"
1,0,0,1,2,1,256.2790223143684,257.87060340556184,"(1, 0, 0)","(1, 2, 1, 12)"
2,0,0,0,2,1,256.806547619291,258.39812871048446,"(2, 0, 0)","(0, 2, 1, 12)"
1,0,2,1,2,0,257.4692995909458,259.45877595493766,"(1, 0, 2)","(1, 2, 0, 12)"
1,0,0,1,2,0,258.5834634808868,259.7771492992819,"(1, 0, 0)","(1, 2, 0, 12)"
0,1,0,1,2,0,259.3503372754773,260.146127821074,"(0, 1, 0)","(1, 2, 0, 12)"
1,0,1,1,2,0,259.53881269186826,261.1303937830617,"(1, 0, 1)","(1, 2, 0, 12)"
0,1,1,1,2,0,262.3511952202305,263.54488103862565,"(0, 1, 1)","(1, 2, 0, 12)"
0,1,2,1,2,0,262.7932997774599,264.3848808686534,"(0, 1, 2)","(1, 2, 0, 12)"
0,0,0,2,1,1,266.8920819045516,268.8317085037036,"(0, 0, 0)","(2, 1, 1, 12)"
2,0,1,2,1,2,269.38614074732016,271.8068214912725,"(2, 0, 1)","(2, 1, 2, 12)"
1,2,2,2,0,1,270.92613910955015,278.23779617361413,"(1, 2, 2)","(2, 0, 1, 12)"
0,0,1,2,1,1,275.8901837284019,278.3147169773419,"(0, 0, 1)","(2, 1, 1, 12)"
0,0,0,2,1,0,279.84862214506364,281.30334209442765,"(0, 0, 0)","(2, 1, 0, 12)"
0,0,1,2,1,0,280.0992688975206,282.0388954966726,"(0, 0, 1)","(2, 1, 0, 12)"
0,0,2,1,2,0,280.1587861860547,282.09841278520673,"(0, 0, 2)","(1, 2, 0, 12)"
0,0,1,1,2,0,280.17789866017614,281.63261860954015,"(0, 0, 1)","(1, 2, 0, 12)"
0,0,0,1,2,0,280.52207492312374,281.49188822269974,"(0, 0, 0)","(1, 2, 0, 12)"
0,0,2,2,1,1,281.529880124778,284.439320023506,"(0, 0, 2)","(2, 1, 1, 12)"
0,0,2,2,1,0,282.1977302558497,284.6222635047897,"(0, 0, 2)","(2, 1, 0, 12)"
2,2,2,1,0,2,432.2646414046235,439.820153237955,"(2, 2, 2)","(1, 0, 2, 12)"
0,2,2,0,0,2,433.34729807802813,438.06949297386035,"(0, 2, 2)","(0, 0, 2, 12)"
2,2,2,2,0,2,433.92121211269415,442.4211629251921,"(2, 2, 2)","(2, 0, 2, 12)"
0,2,2,1,0,2,434.9515874312043,440.61822130620294,"(0, 2, 2)","(1, 0, 2, 12)"
0,2,2,0,1,1,435.13635333688666,438.9141092535524,"(0, 2, 2)","(0, 1, 1, 12)"
2,2,2,1,1,1,436.45883582280106,443.0699086769661,"(2, 2, 2)","(1, 1, 1, 12)"
0,2,2,2,0,2,436.8805077571962,443.49158061136126,"(0, 2, 2)","(2, 0, 2, 12)"
0,2,2,1,1,1,436.98750758781495,441.70970248364716,"(0, 2, 2)","(1, 1, 1, 12)"
2,2,2,0,1,1,439.23871775586036,444.905351630859,"(2, 2, 2)","(0, 1, 1, 12)"
2,2,2,0,0,2,440.014394262457,446.6254671166221,"(2, 2, 2)","(0, 0, 2, 12)"
1,2,2,0,0,2,444.29752821138686,449.9641620863855,"(1, 2, 2)","(0, 0, 2, 12)"
1,2,2,1,0,2,444.46165350363776,451.0727263578028,"(1, 2, 2)","(1, 0, 2, 12)"
2,1,2,0,0,2,445.79574747254424,452.7658733874222,"(2, 1, 2)","(0, 0, 2, 12)"
1,2,2,2,0,2,446.4239007697926,453.97941260312416,"(1, 2, 2)","(2, 0, 2, 12)"
1,2,2,0,1,1,447.1229220232165,451.84511691904873,"(1, 2, 2)","(0, 1, 1, 12)"
2,1,2,1,0,2,447.7957306039582,455.7615887923901,"(2, 1, 2)","(1, 0, 2, 12)"
1,1,2,0,0,2,448.269747385428,454.24414102675195,"(1, 1, 2)","(0, 0, 2, 12)"
0,1,2,2,0,2,448.3723484342932,455.34247434917114,"(0, 1, 2)","(2, 0, 2, 12)"
1,2,2,1,1,1,449.09763797923677,454.7642718542354,"(1, 2, 2)","(1, 1, 1, 12)"
1,1,2,1,0,2,449.60710376023764,456.5772296751156,"(1, 1, 2)","(1, 0, 2, 12)"
1,1,2,2,0,2,449.6460644262262,457.6119226146581,"(1, 1, 2)","(2, 0, 2, 12)"
2,1,2,2,0,2,449.7857216401534,458.7473121021393,"(2, 1, 2)","(2, 0, 2, 12)"
2,1,2,0,1,1,450.15742557052516,456.1318192118491,"(2, 1, 2)","(0, 1, 1, 12)"
0,1,2,0,0,2,451.12519565940926,456.10385702717923,"(0, 1, 2)","(0, 0, 2, 12)"
0,1,2,1,0,2,451.92656321316895,457.9009568544929,"(0, 1, 2)","(1, 0, 2, 12)"
2,1,2,1,1,1,452.1285506391055,459.09867655398347,"(2, 1, 2)","(1, 1, 1, 12)"
0,1,2,0,1,1,452.5568076384951,456.5397367327111,"(0, 1, 2)","(0, 1, 1, 12)"
1,1,2,0,1,1,452.7447880784131,457.72344944618305,"(1, 1, 2)","(0, 1, 1, 12)"
0,1,2,1,1,1,454.5433096052714,459.5219709730414,"(0, 1, 2)","(1, 1, 1, 12)"
2,2,2,2,0,0,455.9187346604345,462.88886057531244,"(2, 2, 2)","(2, 0, 0, 12)"
1,1,2,1,1,1,456.0245890287379,461.9989826700619,"(1, 1, 2)","(1, 1, 1, 12)"
2,2,2,0,2,0,457.3837752383807,462.1059701342129,"(2, 2, 2)","(0, 2, 0, 12)"
2,2,1,0,0,2,459.1585520429041,465.13294568422805,"(2, 2, 1)","(0, 0, 2, 12)"
2,2,1,2,0,0,459.18884087033217,465.1632345116561,"(2, 2, 1)","(2, 0, 0, 12)"
2,2,1,1,0,2,461.0220631291162,467.99218904399413,"(2, 2, 1)","(1, 0, 2, 12)"
2,2,2,1,1,0,461.38794648715685,467.3623401284808,"(2, 2, 2)","(1, 1, 0, 12)"
0,2,1,0,0,2,462.25796897234005,466.24089806655604,"(0, 2, 1)","(0, 0, 2, 12)"
2,2,1,0,1,1,462.261962686404,467.24062405417396,"(2, 2, 1)","(0, 1, 1, 12)"
2,2,1,1,1,0,462.41914318345647,467.39780455122644,"(2, 2, 1)","(1, 1, 0, 12)"
1,2,2,0,2,0,462.46125785191646,466.2390137685822,"(1, 2, 2)","(0, 2, 0, 12)"
1,2,1,0,0,2,463.7708145564286,468.7494759241986,"(1, 2, 1)","(0, 0, 2, 12)"
2,2,0,2,0,0,464.08826782125186,469.06692918902183,"(2, 2, 0)","(2, 0, 0, 12)"
2,2,1,1,1,1,464.2330368555416,470.2074304968656,"(2, 2, 1)","(1, 1, 1, 12)"
0,2,1,1,0,2,464.24649424809184,469.2251556158618,"(0, 2, 1)","(1, 0, 2, 12)"
0,2,1,2,0,2,464.7776914553386,470.75208509666254,"(0, 2, 1)","(2, 0, 2, 12)"
0,2,1,0,1,1,464.7864554288359,467.77365224949784,"(0, 2, 1)","(0, 1, 1, 12)"
0,2,2,0,2,0,465.82313991379846,468.6564568512978,"(0, 2, 2)","(0, 2, 0, 12)"
1,2,1,0,1,1,465.8764110505427,469.8593401447587,"(1, 2, 1)","(0, 1, 1, 12)"
2,2,1,2,0,2,466.2145113440606,474.18036953249253,"(2, 2, 1)","(2, 0, 2, 12)"
0,2,1,1,1,1,466.4851527573743,470.4680818515903,"(0, 2, 1)","(1, 1, 1, 12)"
1,2,1,1,1,1,467.654857573934,472.633518941704,"(1, 2, 1)","(1, 1, 1, 12)"
2,2,0,2,0,2,467.88374056333,474.8538664782079,"(2, 2, 0)","(2, 0, 2, 12)"
1,2,1,1,0,2,468.6318016085394,474.60619524986333,"(1, 2, 1)","(1, 0, 2, 12)"
2,1,1,0,0,2,469.9065881981815,476.17372282452203,"(2, 1, 1)","(0, 0, 2, 12)"
1,2,1,2,0,2,470.0612741914464,477.0314001063243,"(1, 2, 1)","(2, 0, 2, 12)"
1,1,2,0,2,0,471.23939898132176,475.22232807553775,"(1, 1, 2)","(0, 2, 0, 12)"
2,0,2,0,0,2,471.39024158156127,478.70189864562525,"(2, 0, 2)","(0, 0, 2, 12)"
0,1,2,0,2,0,471.53671178811754,474.5239086087795,"(0, 1, 2)","(0, 2, 0, 12)"
1,0,2,0,0,2,471.573189580732,477.8403242070725,"(1, 0, 2)","(0, 0, 2, 12)"
2,2,0,1,1,1,471.6555129778256,476.63417434559557,"(2, 2, 0)","(1, 1, 1, 12)"
2,1,1,1,0,2,471.8468221414083,479.1584792054723,"(2, 1, 1)","(1, 0, 2, 12)"
2,1,0,2,0,0,471.96763522288063,477.19024741149775,"(2, 1, 0)","(2, 0, 0, 12)"
2,2,0,1,1,0,472.02524923525857,476.00817832947456,"(2, 2, 0)","(1, 1, 0, 12)"
2,1,0,2,0,2,472.0969738508649,479.4086309149289,"(2, 1, 0)","(2, 0, 2, 12)"
2,0,2,1,0,2,472.2517265791589,480.6079060809463,"(2, 0, 2)","(1, 0, 2, 12)"
1,0,2,1,0,2,473.44658048316234,480.7582375472263,"(1, 0, 2)","(1, 0, 2, 12)"
2,0,2,2,0,2,473.66774895402625,483.06845089353703,"(2, 0, 2)","(2, 0, 2, 12)"
2,1,1,2,0,2,473.75755510990524,482.1137346116926,"(2, 1, 1)","(2, 0, 2, 12)"
0,1,1,1,0,2,473.7956297210791,479.0182419096962,"(0, 1, 1)","(1, 0, 2, 12)"
2,1,1,2,0,0,473.86811533076286,480.1352499571034,"(2, 1, 1)","(2, 0, 0, 12)"
2,1,1,0,1,1,474.2131866163055,479.4357988049226,"(2, 1, 1)","(0, 1, 1, 12)"
0,1,1,0,0,2,474.21946212373587,478.3975518746296,"(0, 1, 1)","(0, 0, 2, 12)"
0,1,1,2,0,2,474.39281052328715,480.6599451496277,"(0, 1, 1)","(2, 0, 2, 12)"
2,1,2,1,1,0,474.4954873366375,480.762621962978,"(2, 1, 2)","(1, 1, 0, 12)"
2,1,2,0,2,0,474.6296964077549,479.6083577755249,"(2, 1, 2)","(0, 2, 0, 12)"
2,1,1,1,1,0,474.79575137176073,480.01836356037785,"(2, 1, 1)","(1, 1, 0, 12)"
1,1,1,2,0,2,475.389861519077,482.70151858314097,"(1, 1, 1)","(2, 0, 2, 12)"
1,1,1,1,0,2,475.39014627996363,481.65728090630415,"(1, 1, 1)","(1, 0, 2, 12)"
1,0,2,2,0,2,475.43414606620775,483.7903255679951,"(1, 0, 2)","(2, 0, 2, 12)"
2,1,2,2,0,0,475.55933141659807,482.87098848066205,"(2, 1, 2)","(2, 0, 0, 12)"
2,1,1,1,1,1,475.93785994032714,482.20499456666766,"(2, 1, 1)","(1, 1, 1, 12)"
1,1,1,0,0,2,476.1472849693009,481.36989715791805,"(1, 1, 1)","(0, 0, 2, 12)"
1,0,2,1,1,1,476.44150356707826,482.7086381934188,"(1, 0, 2)","(1, 1, 1, 12)"
1,0,2,0,1,1,477.00836752294816,482.2309797115653,"(1, 0, 2)","(0, 1, 1, 12)"
2,0,2,0,1,1,477.64854274578215,483.9156773721227,"(2, 0, 2)","(0, 1, 1, 12)"
1,1,1,0,1,1,477.9570142858742,482.1351040367679,"(1, 1, 1)","(0, 1, 1, 12)"
0,1,1,0,1,1,478.07723726696867,481.2108045801389,"(0, 1, 1)","(0, 1, 1, 12)"
0,1,1,1,1,1,478.3358221177507,482.5139118686444,"(0, 1, 1)","(1, 1, 1, 12)"
2,2,1,0,2,0,479.4445634071228,483.4274925013388,"(2, 2, 1)","(0, 2, 0, 12)"
2,0,2,1,1,1,479.64004288402504,486.951699948089,"(2, 0, 2)","(1, 1, 1, 12)"
1,1,1,1,1,1,479.9558142007064,485.17842638932353,"(1, 1, 1)","(1, 1, 1, 12)"
2,1,0,1,1,0,481.72327187453504,485.90136162542876,"(2, 1, 0)","(1, 1, 0, 12)"
0,2,1,0,2,0,482.277625884047,484.26909043115495,"(0, 2, 1)","(0, 2, 0, 12)"
2,1,0,1,1,1,482.5549719509103,487.77758413952745,"(2, 1, 0)","(1, 1, 1, 12)"
0,0,2,1,1,1,483.1394840227366,488.36209621135373,"(0, 0, 2)","(1, 1, 1, 12)"
1,2,1,0,2,0,483.2151260042497,486.2023228249117,"(1, 2, 1)","(0, 2, 0, 12)"
2,2,0,0,2,0,483.40126286457735,486.3884596852393,"(2, 2, 0)","(0, 2, 0, 12)"
1,2,1,2,0,0,485.94979406902064,491.17240625763776,"(1, 2, 1)","(2, 0, 0, 12)"
2,2,0,0,0,2,487.57315115599494,492.79576334461206,"(2, 2, 0)","(0, 0, 2, 12)"
0,0,2,0,1,1,488.8758301333399,493.0539198842336,"(0, 0, 2)","(0, 1, 1, 12)"
1,2,1,1,1,0,489.09678601812243,493.27487576901615,"(1, 2, 1)","(1, 1, 0, 12)"
2,2,0,1,0,2,489.4971735276874,495.7643081540279,"(2, 2, 0)","(1, 0, 2, 12)"
1,2,2,2,0,0,490.4140911111298,496.6812257374703,"(1, 2, 2)","(2, 0, 0, 12)"
0,0,2,0,2,0,490.85190218847174,493.985469501642,"(0, 0, 2)","(0, 2, 0, 12)"
1,0,2,0,2,0,492.8426013028068,497.02069105370055,"(1, 0, 2)","(0, 2, 0, 12)"
1,2,2,1,1,0,493.64592858537196,498.8685407739891,"(1, 2, 2)","(1, 1, 0, 12)"
1,0,1,0,0,2,493.9176971307172,499.3729093975088,"(1, 0, 1)","(0, 0, 2, 12)"
2,2,0,0,1,1,494.4895198318437,498.66760958273744,"(2, 2, 0)","(0, 1, 1, 12)"
2,0,2,0,2,0,494.6381038382705,499.86071602688764,"(2, 0, 2)","(0, 2, 0, 12)"
2,0,1,0,0,2,494.9982781844072,501.54453290455706,"(2, 0, 1)","(0, 0, 2, 12)"
2,0,2,2,0,1,495.1515068610748,503.87984648794134,"(2, 0, 2)","(2, 0, 1, 12)"
2,1,0,0,0,2,495.2113059046661,500.6665181714577,"(2, 1, 0)","(0, 0, 2, 12)"
2,1,0,0,2,0,495.7836281290938,498.9171954422641,"(2, 1, 0)","(0, 2, 0, 12)"
1,0,1,1,0,2,495.9136977152696,502.4599524354195,"(1, 0, 1)","(1, 0, 2, 12)"
2,0,1,2,0,2,496.05456774711405,504.7829073739806,"(2, 0, 1)","(2, 0, 2, 12)"
2,1,0,1,0,2,496.170312053268,502.71656677341787,"(2, 1, 0)","(1, 0, 2, 12)"
2,0,1,2,0,0,496.8137722988175,503.3600270189674,"(2, 0, 1)","(2, 0, 0, 12)"
1,1,1,0,2,0,496.9483960720003,500.0819633851706,"(1, 1, 1)","(0, 2, 0, 12)"
2,0,1,1,0,2,496.97602751737486,504.6133246908831,"(2, 0, 1)","(1, 0, 2, 12)"
1,2,0,2,0,0,497.21547540891225,501.393565159806,"(1, 2, 0)","(2, 0, 0, 12)"
1,0,1,2,0,2,497.3311546518422,504.9684518253504,"(1, 0, 1)","(2, 0, 2, 12)"
1,2,0,0,0,2,497.34173020936447,501.5198199602582,"(1, 2, 0)","(0, 0, 2, 12)"
1,1,2,1,1,0,497.41689226233655,502.87210452912814,"(1, 1, 2)","(1, 1, 0, 12)"
0,2,0,0,1,1,497.4755150678873,499.56455994333413,"(0, 2, 0)","(0, 1, 1, 12)"
0,2,0,0,0,2,497.5146408182895,500.64820813145974,"(0, 2, 0)","(0, 0, 2, 12)"
2,1,1,0,2,0,497.7078684904109,501.8859582413046,"(2, 1, 1)","(0, 2, 0, 12)"
0,1,1,0,2,0,498.06891683070296,500.1579617061498,"(0, 1, 1)","(0, 2, 0, 12)"
1,2,0,0,1,1,498.33074979544034,501.4643171086106,"(1, 2, 0)","(0, 1, 1, 12)"
2,0,2,1,1,0,499.08295891482805,505.62921363497793,"(2, 0, 2)","(1, 1, 0, 12)"
2,0,0,2,0,0,499.094174333189,504.5493865999806,"(2, 0, 0)","(2, 0, 0, 12)"
1,0,1,0,1,1,499.11967403518565,503.4838438486189,"(1, 0, 1)","(0, 1, 1, 12)"
1,1,0,1,0,2,499.2349128435421,504.69012511033367,"(1, 1, 0)","(1, 0, 2, 12)"
0,2,0,1,0,2,499.30909202861835,503.48718177951207,"(0, 2, 0)","(1, 0, 2, 12)"
0,2,0,1,1,1,499.32189365443696,502.4554609676072,"(0, 2, 0)","(1, 1, 1, 12)"
1,2,0,1,0,2,499.3385637512123,504.5611759398294,"(1, 2, 0)","(1, 0, 2, 12)"
1,1,1,1,1,0,499.8559770234654,504.22014683689866,"(1, 1, 1)","(1, 1, 0, 12)"
2,0,1,0,1,1,499.97416957271963,505.4293818395112,"(2, 0, 1)","(0, 1, 1, 12)"
1,2,0,1,1,1,500.22670690243797,504.4047966533317,"(1, 2, 0)","(1, 1, 1, 12)"
1,1,0,2,0,2,500.2360053863896,506.78226010653947,"(1, 1, 0)","(2, 0, 2, 12)"
0,1,0,1,0,2,500.26462172754043,504.6287915409737,"(0, 1, 0)","(1, 0, 2, 12)"
1,2,0,1,1,0,500.3126214750018,503.44618878817204,"(1, 2, 0)","(1, 1, 0, 12)"
1,2,0,2,0,2,500.3951130106987,506.66224763703923,"(1, 2, 0)","(2, 0, 2, 12)"
2,0,0,2,0,1,500.86571380168544,507.4119685218353,"(2, 0, 0)","(2, 0, 1, 12)"
0,1,0,0,0,2,500.8792457419616,504.15237310203656,"(0, 1, 0)","(0, 0, 2, 12)"
1,1,0,0,0,2,500.9869705210428,505.35114033447604,"(1, 1, 0)","(0, 0, 2, 12)"
2,0,0,2,0,2,501.04369572961593,508.68099290312415,"(2, 0, 0)","(2, 0, 2, 12)"
2,0,2,2,0,0,501.0835532463262,508.7208504198344,"(2, 0, 2)","(2, 0, 0, 12)"
1,0,1,1,1,1,501.1150371593466,506.5702494261382,"(1, 0, 1)","(1, 1, 1, 12)"
0,2,0,2,0,2,501.24362460468257,506.4662367932997,"(0, 2, 0)","(2, 0, 2, 12)"
1,1,2,2,0,0,501.2582264979144,507.80448121806427,"(1, 1, 2)","(2, 0, 0, 12)"
1,1,1,2,0,0,501.41619918926307,506.87141145605466,"(1, 1, 1)","(2, 0, 0, 12)"
0,1,0,2,0,2,501.8772031393255,507.3324154061171,"(0, 1, 0)","(2, 0, 2, 12)"
2,0,1,1,1,1,501.97417101282144,508.5204257329713,"(2, 0, 1)","(1, 1, 1, 12)"
2,0,1,2,0,1,502.1779635048577,509.8152606783659,"(2, 0, 1)","(2, 0, 1, 12)"
1,1,0,2,0,0,503.0442332876259,507.40840310105915,"(1, 1, 0)","(2, 0, 0, 12)"
2,1,0,0,1,1,503.0575605162495,507.42173032968276,"(2, 1, 0)","(0, 1, 1, 12)"
0,2,2,2,0,0,503.45286013497315,508.90807240176474,"(0, 2, 2)","(2, 0, 0, 12)"
2,0,0,1,1,1,505.1174439295152,510.5726561963068,"(2, 0, 0)","(1, 1, 1, 12)"
0,1,0,0,1,1,505.85521081205735,508.037295718774,"(0, 1, 0)","(0, 1, 1, 12)"
0,2,1,2,0,0,506.12708421849936,510.4912540319326,"(0, 2, 1)","(2, 0, 0, 12)"
0,2,2,1,1,0,506.35192343595037,510.7160932493836,"(0, 2, 2)","(1, 1, 0, 12)"
0,0,1,1,1,1,507.01031780978934,511.3744876232226,"(0, 0, 1)","(1, 1, 1, 12)"
1,1,0,0,1,1,507.3299360428499,510.6030634029249,"(1, 1, 0)","(0, 1, 1, 12)"
0,1,0,1,1,1,507.8331542433722,511.10628160344714,"(0, 1, 0)","(1, 1, 1, 12)"
1,1,0,1,1,0,507.8593104678885,511.1324378279635,"(1, 1, 0)","(1, 1, 0, 12)"
2,0,0,1,1,0,508.33982071917836,512.7039905326117,"(2, 0, 0)","(1, 1, 0, 12)"
1,1,0,1,1,1,509.3204814030234,513.6846512164567,"(1, 1, 0)","(1, 1, 1, 12)"
2,0,1,1,1,0,509.8310263805133,515.2862386473049,"(2, 0, 1)","(1, 1, 0, 12)"
0,2,1,1,1,0,510.0215369449268,513.2946643050018,"(0, 2, 1)","(1, 1, 0, 12)"
0,0,1,0,1,1,510.54203164574017,513.8151590058151,"(0, 0, 1)","(0, 1, 1, 12)"
0,0,1,0,2,0,515.229708108782,517.4117930154987,"(0, 0, 1)","(0, 2, 0, 12)"
1,0,2,2,0,0,516.3841419040472,523.1971071996221,"(1, 0, 2)","(2, 0, 0, 12)"
1,2,0,0,2,0,517.394387195807,519.4834320712538,"(1, 2, 0)","(0, 2, 0, 12)"
2,0,0,0,2,0,517.5308768270247,520.8040041870996,"(2, 0, 0)","(0, 2, 0, 12)"
1,0,1,0,2,0,517.7248340130948,520.9979613731697,"(1, 0, 1)","(0, 2, 0, 12)"
0,2,0,2,0,0,518.7587855847632,522.0319129448382,"(0, 2, 0)","(2, 0, 0, 12)"
2,0,1,0,2,0,519.3926711521706,523.7568409656038,"(2, 0, 1)","(0, 2, 0, 12)"
0,1,2,1,1,0,519.4064590900213,523.9484359537379,"(0, 1, 2)","(1, 1, 0, 12)"
1,0,2,2,0,1,520.0737955526947,528.0222550641988,"(1, 0, 2)","(2, 0, 1, 12)"
1,0,2,1,1,0,520.3380045265426,526.0154756061884,"(1, 0, 2)","(1, 1, 0, 12)"
0,1,1,1,1,0,520.6892764550482,524.0957591028357,"(0, 1, 1)","(1, 1, 0, 12)"
0,1,2,2,0,0,521.0388159287079,526.7162870083536,"(0, 1, 2)","(2, 0, 0, 12)"
1,0,1,1,1,0,521.6856245060296,526.2276013697463,"(1, 0, 1)","(1, 1, 0, 12)"
0,2,0,0,2,0,522.0367402733947,523.0812627111181,"(0, 2, 0)","(0, 2, 0, 12)"
2,0,0,1,0,2,522.339152817188,529.152118112763,"(2, 0, 0)","(1, 0, 2, 12)"
0,1,1,2,0,0,522.3747133926832,526.9166902563999,"(0, 1, 1)","(2, 0, 0, 12)"
0,1,0,2,0,0,522.6728404567034,526.0793231044909,"(0, 1, 0)","(2, 0, 0, 12)"
1,0,0,1,0,2,523.5705923307708,529.2480634104165,"(1, 0, 0)","(1, 0, 2, 12)"
1,0,0,0,0,2,523.9127421350294,528.454718998746,"(1, 0, 0)","(0, 0, 2, 12)"
2,0,0,0,0,2,524.1229746799002,529.8004457595459,"(2, 0, 0)","(0, 0, 2, 12)"
0,2,0,1,1,0,524.2308145099324,526.4128994166491,"(0, 2, 0)","(1, 1, 0, 12)"
1,0,0,2,0,0,524.2460959956292,528.7880728593458,"(1, 0, 0)","(2, 0, 0, 12)"
1,1,0,0,2,0,524.4241704078222,526.6062553145389,"(1, 1, 0)","(0, 2, 0, 12)"
1,0,1,2,0,1,524.541628598191,531.3545938937659,"(1, 0, 1)","(2, 0, 1, 12)"
1,0,0,2,0,1,524.8261929668976,530.5036640465433,"(1, 0, 0)","(2, 0, 1, 12)"
1,0,0,2,0,2,525.0814282030225,531.8943934985974,"(1, 0, 0)","(2, 0, 2, 12)"
0,1,0,0,2,0,525.4838542959675,526.5748967493258,"(0, 1, 0)","(0, 2, 0, 12)"
1,0,1,2,0,0,525.6275013636896,531.3049724433354,"(1, 0, 1)","(2, 0, 0, 12)"
1,0,0,1,1,1,526.471265641984,531.0132425057006,"(1, 0, 0)","(1, 1, 1, 12)"
0,0,0,1,1,1,527.4872622410659,530.8937448888533,"(0, 0, 0)","(1, 1, 1, 12)"
0,1,0,1,1,0,527.9996100394593,530.2705984713176,"(0, 1, 0)","(1, 1, 0, 12)"
1,0,0,1,1,0,528.0052850902498,531.4117677380373,"(1, 0, 0)","(1, 1, 0, 12)"
1,0,0,0,1,1,528.2802038865768,531.6866865343643,"(1, 0, 0)","(0, 1, 1, 12)"
0,0,0,1,0,2,529.5178170838208,534.0597939475374,"(0, 0, 0)","(1, 0, 2, 12)"
2,0,0,0,1,1,530.1443161496687,534.6862930133854,"(2, 0, 0)","(0, 1, 1, 12)"
0,0,0,2,0,2,530.9334371762883,536.6109082559341,"(0, 0, 0)","(2, 0, 2, 12)"
0,0,2,0,0,2,537.0183186772805,542.2409308658976,"(0, 0, 2)","(0, 0, 2, 12)"
0,0,2,1,0,2,537.7159442491585,543.983078875499,"(0, 0, 2)","(1, 0, 2, 12)"
1,0,0,0,2,0,538.961173888639,541.2321623204973,"(1, 0, 0)","(0, 2, 0, 12)"
0,0,0,0,2,0,539.396076844719,540.5315710606482,"(0, 0, 0)","(0, 2, 0, 12)"
0,0,2,2,0,2,539.6985810958903,547.0102381599543,"(0, 0, 2)","(2, 0, 2, 12)"
0,0,0,2,0,0,544.3952126148788,547.9293741059226,"(0, 0, 0)","(2, 0, 0, 12)"
0,0,0,2,0,1,551.4368187144869,556.1490340358787,"(0, 0, 0)","(2, 0, 1, 12)"
0,0,1,1,1,0,555.3510996688774,558.8852611599212,"(0, 0, 1)","(1, 1, 0, 12)"
0,0,2,1,1,0,557.1666517916956,561.8788671130874,"(0, 0, 2)","(1, 1, 0, 12)"
0,0,1,0,0,2,558.5653840536615,562.9295538670948,"(0, 0, 1)","(0, 0, 2, 12)"
0,0,0,1,1,0,559.7206778935904,562.0767855542863,"(0, 0, 0)","(1, 1, 0, 12)"
0,0,1,1,0,2,559.958362576436,565.4135748432276,"(0, 0, 1)","(1, 0, 2, 12)"
0,0,1,2,0,2,561.9277025776075,568.4739572977575,"(0, 0, 1)","(2, 0, 2, 12)"
0,0,0,0,1,1,562.1980087319478,564.4689971638061,"(0, 0, 0)","(0, 1, 1, 12)"
0,0,1,2,0,0,607.9503562846523,612.6625716060441,"(0, 0, 1)","(2, 0, 0, 12)"
0,0,1,2,0,1,609.9496861313909,615.8399552831306,"(0, 0, 1)","(2, 0, 1, 12)"
0,0,2,2,0,0,610.8406111526073,616.730880304347,"(0, 0, 2)","(2, 0, 0, 12)"
0,0,2,2,0,1,612.7771891696882,619.8455121517759,"(0, 0, 2)","(2, 0, 1, 12)"
0,0,0,0,0,2,653.6752593164285,657.081741964216,"(0, 0, 0)","(0, 0, 2, 12)"
2,2,2,0,1,0,707.4509076580972,714.620843680523,"(2, 2, 2)","(0, 1, 0, 12)"
0,2,2,0,1,0,709.3915653711789,713.6935269846343,"(0, 2, 2)","(0, 1, 0, 12)"
2,2,2,1,0,0,719.7574286008639,728.5518440176622,"(2, 2, 2)","(1, 0, 0, 12)"
2,2,1,1,0,0,721.6448085324568,728.9734880464554,"(2, 2, 1)","(1, 0, 0, 12)"
1,1,2,0,1,0,722.335952326142,728.1988959373409,"(1, 1, 2)","(0, 1, 0, 12)"
0,1,2,0,1,0,722.9584647868154,727.3556724952145,"(0, 1, 2)","(0, 1, 0, 12)"
2,1,2,0,1,0,725.383089265746,732.7117687797446,"(2, 1, 2)","(0, 1, 0, 12)"
1,2,2,0,1,0,726.4541248588655,732.190073676806,"(1, 2, 2)","(0, 1, 0, 12)"
2,2,0,1,0,0,732.4213020619478,738.2842456731468,"(2, 2, 0)","(1, 0, 0, 12)"
2,2,1,0,1,0,732.4434878373324,738.3064314485314,"(2, 2, 1)","(0, 1, 0, 12)"
2,1,0,1,0,0,735.8114633002433,741.7974935461092,"(2, 1, 0)","(1, 0, 0, 12)"
0,2,1,0,1,0,736.4698132424406,739.4012850480401,"(0, 2, 1)","(0, 1, 0, 12)"
2,1,1,1,0,0,737.0653328570537,744.5478706643861,"(2, 1, 1)","(1, 0, 0, 12)"
2,1,2,1,0,0,737.3634809282046,746.3425262970035,"(2, 1, 2)","(1, 0, 0, 12)"
1,2,1,0,1,0,737.3967455137791,741.7939532221783,"(1, 2, 1)","(0, 1, 0, 12)"
2,0,2,0,1,0,741.1061719074825,748.5887097148149,"(2, 0, 2)","(0, 1, 0, 12)"
1,0,2,0,1,0,741.4914517169337,747.4774819627996,"(1, 0, 2)","(0, 1, 0, 12)"
2,1,1,0,1,0,745.3392013628479,751.3252316087138,"(2, 1, 1)","(0, 1, 0, 12)"
2,2,0,0,1,0,745.4631972975932,749.8604050059923,"(2, 2, 0)","(0, 1, 0, 12)"
0,1,1,0,1,0,747.6348970467185,750.6279121696515,"(0, 1, 1)","(0, 1, 0, 12)"
1,1,1,0,1,0,747.8510202545716,752.340542938971,"(1, 1, 1)","(0, 1, 0, 12)"
2,1,0,0,1,0,747.9275118088203,752.4170344932197,"(2, 1, 0)","(0, 1, 0, 12)"
1,2,1,1,0,0,749.3739017621267,755.3599320079926,"(1, 2, 1)","(1, 0, 0, 12)"
1,1,2,1,0,0,757.0396693135573,764.6714719366381,"(1, 1, 2)","(1, 0, 0, 12)"
0,0,2,0,1,0,758.3535532797789,762.8430759641783,"(0, 0, 2)","(0, 1, 0, 12)"
1,1,1,1,0,0,760.2296184661607,766.3350605646253,"(1, 1, 1)","(1, 0, 0, 12)"
2,0,1,1,0,0,760.6477224977003,768.2795251207812,"(2, 0, 1)","(1, 0, 0, 12)"
2,2,2,2,0,1,762.6024214963105,770.5682796847425,"(2, 2, 2)","(2, 0, 1, 12)"
1,2,2,1,0,0,763.9678178681911,771.4503556755235,"(1, 2, 2)","(1, 0, 0, 12)"
1,1,0,1,0,0,764.544589310078,769.1236708839265,"(1, 1, 0)","(1, 0, 0, 12)"
0,2,2,1,0,0,765.363611350873,771.4690534493377,"(0, 2, 2)","(1, 0, 0, 12)"
1,2,0,1,0,0,766.6196694439016,771.109192128301,"(1, 2, 0)","(1, 0, 0, 12)"
2,0,1,0,1,0,767.7868624736442,773.8923045721089,"(2, 0, 1)","(0, 1, 0, 12)"
2,0,0,1,0,0,768.1389919373324,774.2444340357971,"(2, 0, 0)","(1, 0, 0, 12)"
0,2,1,1,0,0,770.5083359067194,775.0874174805679,"(0, 2, 1)","(1, 0, 0, 12)"
1,0,1,0,1,0,772.1282599218302,776.7073414956787,"(1, 0, 1)","(0, 1, 0, 12)"
2,0,2,1,0,0,772.5333572388703,781.6915203865673,"(2, 0, 2)","(1, 0, 0, 12)"
2,0,0,0,1,0,773.3449589652328,777.9240405390813,"(2, 0, 0)","(0, 1, 0, 12)"
0,1,0,0,1,0,774.9824334633295,776.5087939879456,"(0, 1, 0)","(0, 1, 0, 12)"
1,1,0,0,1,0,775.7534299306277,778.80615097986,"(1, 1, 0)","(0, 1, 0, 12)"
1,2,0,0,1,0,777.3449853730567,780.3380004959897,"(1, 2, 0)","(0, 1, 0, 12)"
0,0,1,0,1,0,778.6999275668587,781.752648616091,"(0, 0, 1)","(0, 1, 0, 12)"
0,1,2,1,0,0,778.7670887954945,784.9884810414521,"(0, 1, 2)","(1, 0, 0, 12)"
0,1,1,1,0,0,781.9171378217186,786.5831820061868,"(0, 1, 1)","(1, 0, 0, 12)"
0,2,0,0,1,0,782.1830957204186,783.6796032818851,"(0, 2, 0)","(0, 1, 0, 12)"
1,0,1,1,0,0,782.5271218139114,788.7485140598691,"(1, 0, 1)","(1, 0, 0, 12)"
0,1,0,1,0,0,785.5145168144237,788.6252129374026,"(0, 1, 0)","(1, 0, 0, 12)"
1,0,0,1,0,0,791.4978976447287,796.1639418291969,"(1, 0, 0)","(1, 0, 0, 12)"
0,2,0,1,0,0,791.7298129782695,794.7825340275018,"(0, 2, 0)","(1, 0, 0, 12)"
1,0,0,0,1,0,793.9626303410648,797.0733264640437,"(1, 0, 0)","(0, 1, 0, 12)"
1,0,2,1,0,0,795.5013912596345,803.2781315670816,"(1, 0, 2)","(1, 0, 0, 12)"
0,1,1,2,0,1,795.5407747100218,801.2182457896675,"(0, 1, 1)","(2, 0, 1, 12)"
0,0,0,1,0,0,813.8244875663992,816.9915254433114,"(0, 0, 0)","(1, 0, 0, 12)"
0,0,0,0,1,0,816.1298925456406,817.68524060713,"(0, 0, 0)","(0, 1, 0, 12)"
2,1,2,2,0,1,837.3931272088317,845.7493067106192,"(2, 1, 2)","(2, 0, 1, 12)"
2,2,0,2,0,1,841.3188689110002,847.2932625523241,"(2, 2, 0)","(2, 0, 1, 12)"
2,1,0,2,0,1,870.6106247462784,876.8777593726189,"(2, 1, 0)","(2, 0, 1, 12)"
0,1,0,2,0,1,886.6455514777742,891.1875283414909,"(0, 1, 0)","(2, 0, 1, 12)"
1,1,0,2,0,1,898.1061973893675,903.5614096561591,"(1, 1, 0)","(2, 0, 1, 12)"
2,2,1,2,0,1,899.5055571338319,906.4756830487098,"(2, 2, 1)","(2, 0, 1, 12)"
2,1,1,2,0,1,901.6790740007436,908.9907310648076,"(2, 1, 1)","(2, 0, 1, 12)"
1,2,0,2,0,1,903.4064435289927,908.6290557176097,"(1, 2, 0)","(2, 0, 1, 12)"
0,0,1,1,0,0,906.0552527820558,910.8058095974242,"(0, 0, 1)","(1, 0, 0, 12)"
0,0,2,1,0,0,909.5044699692603,915.8385457230847,"(0, 0, 2)","(1, 0, 0, 12)"
1,1,2,2,0,1,947.0478566152797,954.6851537887878,"(1, 1, 2)","(2, 0, 1, 12)"
0,2,1,2,0,1,957.7019182628447,963.1571305296363,"(0, 2, 1)","(2, 0, 1, 12)"
0,2,2,0,0,0,973.3395218907168,978.6231222377975,"(0, 2, 2)","(0, 0, 0, 12)"
2,2,2,0,0,0,974.4185698273596,983.2245704058274,"(2, 2, 2)","(0, 0, 0, 12)"
1,2,2,0,0,0,976.4457671024685,983.4905675652427,"(1, 2, 2)","(0, 0, 0, 12)"
0,1,2,0,0,0,977.9410748887356,983.2936437904904,"(0, 1, 2)","(0, 0, 0, 12)"
1,1,2,0,0,0,979.8070597339374,986.9438182696105,"(1, 1, 2)","(0, 0, 0, 12)"
2,1,2,0,0,0,981.5941376956381,990.5150858652294,"(2, 1, 2)","(0, 0, 0, 12)"
2,0,2,0,0,0,992.7207595325044,1001.754071981356,"(2, 0, 2)","(0, 0, 0, 12)"
2,2,1,0,0,0,996.4429506788983,1003.5797092145714,"(2, 2, 1)","(0, 0, 0, 12)"
1,0,2,0,0,0,997.3314158421797,1004.558065801261,"(1, 0, 2)","(0, 0, 0, 12)"
0,2,1,0,0,0,998.1623991286526,1001.7307783964892,"(0, 2, 1)","(0, 0, 0, 12)"
1,2,1,0,0,0,999.7172123025705,1005.0697812043253,"(1, 2, 1)","(0, 0, 0, 12)"
2,1,1,0,0,0,1001.7813436223884,1009.0079935814697,"(2, 1, 1)","(0, 0, 0, 12)"
2,1,0,0,0,0,1003.1198692568767,1008.5398567261876,"(2, 1, 0)","(0, 0, 0, 12)"
1,1,1,0,0,0,1005.0217794269066,1010.4417668962176,"(1, 1, 1)","(0, 0, 0, 12)"
2,2,0,0,0,0,1005.0648051737187,1010.4173740754735,"(2, 2, 0)","(0, 0, 0, 12)"
0,1,1,0,0,0,1005.573665929474,1009.1869909090146,"(0, 1, 1)","(0, 0, 0, 12)"
0,1,2,2,0,1,1021.3154802705435,1028.1284455661184,"(0, 1, 2)","(2, 0, 1, 12)"
1,0,1,0,0,0,1026.1542237677818,1031.640147957249,"(1, 0, 1)","(0, 0, 0, 12)"
2,0,1,0,0,0,1027.0599096328085,1034.374475218765,"(2, 0, 1)","(0, 0, 0, 12)"
0,1,0,0,0,0,1028.1427195172494,1029.9713609137384,"(0, 1, 0)","(0, 0, 0, 12)"
1,1,0,0,0,0,1029.398214670701,1033.055497463679,"(1, 1, 0)","(0, 0, 0, 12)"
2,0,0,0,0,0,1031.3893160454145,1036.8752402348819,"(2, 0, 0)","(0, 0, 0, 12)"
1,2,0,0,0,0,1037.0834997107931,1040.6968246903339,"(1, 2, 0)","(0, 0, 0, 12)"
0,2,0,0,0,0,1042.3035182418923,1044.1101807316627,"(0, 2, 0)","(0, 0, 0, 12)"
1,0,0,0,0,0,1051.5105507992846,1055.2108460027048,"(1, 0, 0)","(0, 0, 0, 12)"
0,2,0,2,0,1,1067.0482838353507,1071.412453648784,"(0, 2, 0)","(2, 0, 1, 12)"
1,1,1,2,0,1,1125.707599151759,1132.2538538719089,"(1, 1, 1)","(2, 0, 1, 12)"
0,0,2,0,0,0,1137.7997780032495,1143.2197654725603,"(0, 0, 2)","(0, 0, 0, 12)"
0,0,1,0,0,0,1167.0333155255155,1170.6905983184936,"(0, 0, 1)","(0, 0, 0, 12)"
0,0,0,0,0,0,1222.4021433510545,1224.2522909527645,"(0, 0, 0)","(0, 0, 0, 12)"
2,0,0,0,0,1,1322.1133065212339,1328.3346987671916,"(2, 0, 0)","(0, 0, 1, 12)"
2,0,0,1,0,1,1324.485819346011,1332.117621969092,"(2, 0, 0)","(1, 0, 1, 12)"
1,0,0,1,0,1,1374.0937072981044,1380.3150995440622,"(1, 0, 0)","(1, 0, 1, 12)"
0,2,0,0,0,1,1417.6345284815875,1420.6275436045205,"(0, 2, 0)","(0, 0, 1, 12)"
0,0,0,0,0,1,1433.2094113464213,1436.3201074694002,"(0, 0, 0)","(0, 0, 1, 12)"
0,1,0,0,0,1,1487.3797119868157,1490.432433036048,"(0, 1, 0)","(0, 0, 1, 12)"
0,2,2,2,0,1,1929.4608580126107,1936.0071127327606,"(0, 2, 2)","(2, 0, 1, 12)"
1,1,2,0,0,1,3157.5495496558333,3164.878229169832,"(1, 1, 2)","(0, 0, 1, 12)"
2,0,2,1,0,1,3580.0768140700243,3590.5523670002895,"(2, 0, 2)","(1, 0, 1, 12)"
0,1,2,1,0,1,4286.5072058222995,4293.835885336298,"(0, 1, 2)","(1, 0, 1, 12)"
1,0,2,1,0,1,4300.958608094575,4309.937653463374,"(1, 0, 2)","(1, 0, 1, 12)"
2,1,2,0,0,1,4401.901691712353,4410.696107129151,"(2, 1, 2)","(0, 0, 1, 12)"
2,1,2,1,0,1,4468.689468331615,4478.949619651213,"(2, 1, 2)","(1, 0, 1, 12)"
1,1,2,1,0,1,4478.155463314535,4486.949878731333,"(1, 1, 2)","(1, 0, 1, 12)"
0,1,2,0,0,1,4569.534486267839,4575.397429879038,"(0, 1, 2)","(0, 0, 1, 12)"
1,2,2,0,0,1,4711.2300607061825,4718.399996728608,"(1, 2, 2)","(0, 0, 1, 12)"
1,0,1,1,0,1,4731.010909509001,4738.642712132082,"(1, 0, 1)","(1, 0, 1, 12)"
2,0,2,0,0,1,4788.644167544654,4797.623212913453,"(2, 0, 2)","(0, 0, 1, 12)"
1,0,2,0,0,1,4920.343888291794,4927.826426099127,"(1, 0, 2)","(0, 0, 1, 12)"
0,1,1,0,0,1,5083.404864991925,5087.894387676324,"(0, 1, 1)","(0, 0, 1, 12)"
2,1,0,1,0,1,5136.137267897797,5143.61980570513,"(2, 1, 0)","(1, 0, 1, 12)"
2,1,1,1,0,1,5136.388479469578,5145.367524838377,"(2, 1, 1)","(1, 0, 1, 12)"
1,1,1,1,0,1,5138.759633405186,5146.242171212519,"(1, 1, 1)","(1, 0, 1, 12)"
0,1,1,1,0,1,5184.419023710408,5190.405053956273,"(0, 1, 1)","(1, 0, 1, 12)"
1,1,0,1,0,1,5229.898773490831,5236.004215589296,"(1, 1, 0)","(1, 0, 1, 12)"
0,1,0,1,0,1,5261.4505929412135,5266.029674515062,"(0, 1, 0)","(1, 0, 1, 12)"
1,2,2,1,0,1,5282.439530823132,5291.043454050044,"(1, 2, 2)","(1, 0, 1, 12)"
1,2,1,0,0,1,5317.762444175988,5323.625387787187,"(1, 2, 1)","(0, 0, 1, 12)"
2,2,2,0,0,1,5339.694588860415,5348.298512087326,"(2, 2, 2)","(0, 0, 1, 12)"
2,1,1,0,0,1,5349.770162362921,5357.252700170254,"(2, 1, 1)","(0, 0, 1, 12)"
1,1,1,0,0,1,5369.872341770513,5375.858372016379,"(1, 1, 1)","(0, 0, 1, 12)"
1,0,1,0,0,1,5444.4014653718095,5450.506907470274,"(1, 0, 1)","(0, 0, 1, 12)"
2,1,0,0,0,1,5457.856490327851,5463.961932426316,"(2, 1, 0)","(0, 0, 1, 12)"
1,1,0,0,0,1,5461.712521073425,5466.291602647273,"(1, 1, 0)","(0, 0, 1, 12)"
2,2,2,1,0,1,5482.450829253516,5492.488739684912,"(2, 2, 2)","(1, 0, 1, 12)"
1,0,0,0,0,1,5541.874481526912,5546.54052571138,"(1, 0, 0)","(0, 0, 1, 12)"
0,2,2,0,0,1,5566.688215355292,5572.424164173233,"(0, 2, 2)","(0, 0, 1, 12)"
1,2,1,1,0,1,5698.879544640387,5706.208224154386,"(1, 2, 1)","(1, 0, 1, 12)"
2,2,1,1,0,1,6159.720813427105,6168.515228843903,"(2, 2, 1)","(1, 0, 1, 12)"
2,2,0,1,0,1,6161.448894342195,6168.777573856193,"(2, 2, 0)","(1, 0, 1, 12)"
2,2,1,0,0,1,6400.535377375423,6407.864056889422,"(2, 2, 1)","(0, 0, 1, 12)"
1,2,0,1,0,1,6468.988157385529,6474.974187631395,"(1, 2, 0)","(1, 0, 1, 12)"
0,2,2,1,0,1,6596.6255207423565,6603.795456764782,"(0, 2, 2)","(1, 0, 1, 12)"
2,2,0,0,0,1,6699.685929323871,6705.671959569737,"(2, 2, 0)","(0, 0, 1, 12)"
1,2,0,0,0,1,6728.27711887473,6732.766641559129,"(1, 2, 0)","(0, 0, 1, 12)"
0,2,1,0,0,1,7136.762175249385,7141.159382957784,"(0, 2, 1)","(0, 0, 1, 12)"
0,2,1,1,0,1,7335.417364352603,7341.2803079638015,"(0, 2, 1)","(1, 0, 1, 12)"
0,2,0,1,0,1,8169.961063392107,8174.450586076506,"(0, 2, 0)","(1, 0, 1, 12)"
2,0,1,0,0,1,26407.592269233843,26415.224071856923,"(2, 0, 1)","(0, 0, 1, 12)"
2,0,1,1,0,1,30200.348870116817,30209.507033264515,"(2, 0, 1)","(1, 0, 1, 12)"
0,0,1,1,0,1,45687.010869851816,45693.11631195028,"(0, 0, 1)","(1, 0, 1, 12)"
0,0,2,1,0,1,51048.018468778246,51055.501006585575,"(0, 0, 2)","(1, 0, 1, 12)"
0,0,2,0,0,1,55688.170774051534,55694.1568042974,"(0, 0, 2)","(0, 0, 1, 12)"
0,0,1,0,0,1,57756.52896652481,57761.108048098664,"(0, 0, 1)","(0, 0, 1, 12)"
0,0,0,1,0,1,64045.27011492336,64049.93615910783,"(0, 0, 0)","(1, 0, 1, 12)"
